user_id,email,password,nickname,birth_date,gender,sigungu,distance,introduction,last_sync_at,location,profile_photo_id
1,user1@example.com,$2b$12$QyeiS9KD1RR06DHsobw7DOc4mgq6Cro1LhKXbqdb5h8id4tAQYD.u,나나,1975-11-19,M,송파구,10,"안녕하세요, 나나 입니다.",2025-09-21 18:17,POINT(37.593894 127.063466),
2,user2@example.com,$2b$12$QyeiS9KD1RR06DHsobw7DOc4mgq6Cro1LhKXbqdb5h8id4tAQYD.u,태호,1983-08-14,M,영등포구,1,"안녕하세요, 태호 입니다.",2025-09-21 3:09,POINT(37.530204 127.094098),
3,user3@example.com,$2b$12$QyeiS9KD1RR06DHsobw7DOc4mgq6Cro1LhKXbqdb5h8id4tAQYD.u,호태,1980-12-05,M,서초구,20,"안녕하세요, 호태 입니다.",2025-10-02 16:32,POINT(37.568780 127.094769),
4,user4@example.com,$2b$12$QyeiS9KD1RR06DHsobw7DOc4mgq6Cro1LhKXbqdb5h8id4tAQYD.u,대홍,2002-01-03,M,노원구,10,"안녕하세요, 대홍 입니다.",2025-09-26 14:20,POINT(37.535573 127.044667),
5,user5@example.com,$2b$12$QyeiS9KD1RR06DHsobw7DOc4mgq6Cro1LhKXbqdb5h8id4tAQYD.u,민준,1998-12-28,M,영등포구,7,"안녕하세요, 민준 입니다.",2025-10-02 8:38,POINT(37.514592 127.054268),
6,user6@example.com,$2b$12$QyeiS9KD1RR06DHsobw7DOc4mgq6Cro1LhKXbqdb5h8id4tAQYD.u,서준,1978-10-18,M,광진구,3,"안녕하세요, 서준 입니다.",2025-10-01 20:03,POINT(37.468421 127.065055),
7,user7@example.com,$2b$12$QyeiS9KD1RR06DHsobw7DOc4mgq6Cro1LhKXbqdb5h8id4tAQYD.u,도윤,2003-11-11,M,송파구,5,"안녕하세요, 도윤 입니다.",2025-09-26 1:18,POINT(37.512452 127.063953),
8,user8@example.com,$2b$12$QyeiS9KD1RR06DHsobw7DOc4mgq6Cro1LhKXbqdb5h8id4tAQYD.u,예준,1976-06-07,M,강서구,10,"안녕하세요, 예준 입니다.",2025-09-26 1:51,POINT(37.563686 127.045382),
9,user9@example.com,$2b$12$QyeiS9KD1RR06DHsobw7DOc4mgq6Cro1LhKXbqdb5h8id4tAQYD.u,하준,1985-12-26,M,용인시,7,"안녕하세요, 하준 입니다.",2025-09-25 19:01,POINT(37.546607 127.147834),
10,user10@example.com,$2b$12$QyeiS9KD1RR06DHsobw7DOc4mgq6Cro1LhKXbqdb5h8id4tAQYD.u,지호,1980-11-08,M,용인시,3,"안녕하세요, 지호 입니다.",2025-10-02 6:17,POINT(37.570612 127.081760),
11,user11@example.com,$2b$12$QyeiS9KD1RR06DHsobw7DOc4mgq6Cro1LhKXbqdb5h8id4tAQYD.u,지후,1996-10-31,M,동작구,1,"안녕하세요, 지후 입니다.",2025-10-01 5:22,POINT(37.586260 127.131319),
12,user12@example.com,$2b$12$QyeiS9KD1RR06DHsobw7DOc4mgq6Cro1LhKXbqdb5h8id4tAQYD.u,준우,1980-04-13,M,동작구,3,"안녕하세요, 준우 입니다.",2025-09-21 15:11,POINT(37.574981 127.101203),
13,user13@example.com,$2b$12$QyeiS9KD1RR06DHsobw7DOc4mgq6Cro1LhKXbqdb5h8id4tAQYD.u,시우,1999-09-23,M,송파구,20,"안녕하세요, 시우 입니다.",2025-09-26 7:57,POINT(37.486067 127.074147),
14,user14@example.com,$2b$12$QyeiS9KD1RR06DHsobw7DOc4mgq6Cro1LhKXbqdb5h8id4tAQYD.u,유준,1999-11-27,M,강동구,7,"안녕하세요, 유준 입니다.",2025-09-23 15:01,POINT(37.453226 127.089165),
15,user15@example.com,$2b$12$QyeiS9KD1RR06DHsobw7DOc4mgq6Cro1LhKXbqdb5h8id4tAQYD.u,윤우,1997-04-20,M,성동구,20,"안녕하세요, 윤우 입니다.",2025-10-04 3:59,POINT(37.589106 127.047815),
16,user16@example.com,$2b$12$QyeiS9KD1RR06DHsobw7DOc4mgq6Cro1LhKXbqdb5h8id4tAQYD.u,재윤,2005-11-21,M,동작구,20,"안녕하세요, 재윤 입니다.",2025-09-26 18:01,POINT(37.458718 127.045715),
17,user17@example.com,$2b$12$QyeiS9KD1RR06DHsobw7DOc4mgq6Cro1LhKXbqdb5h8id4tAQYD.u,승우,1993-11-04,M,용인시,20,"안녕하세요, 승우 입니다.",2025-09-27 18:13,POINT(37.577605 127.008647),
18,user18@example.com,$2b$12$QyeiS9KD1RR06DHsobw7DOc4mgq6Cro1LhKXbqdb5h8id4tAQYD.u,시헌,2001-04-30,M,동작구,1,"안녕하세요, 시헌 입니다.",2025-09-19 20:24,POINT(37.498171 127.051518),
19,user19@example.com,$2b$12$QyeiS9KD1RR06DHsobw7DOc4mgq6Cro1LhKXbqdb5h8id4tAQYD.u,선우,1992-03-18,M,용산구,1,"안녕하세요, 선우 입니다.",2025-10-03 18:01,POINT(37.476179 127.048297),
20,user20@example.com,$2b$12$QyeiS9KD1RR06DHsobw7DOc4mgq6Cro1LhKXbqdb5h8id4tAQYD.u,현우,1995-03-18,M,강동구,10,"안녕하세요, 현우 입니다.",2025-09-28 22:59,POINT(37.620890 127.057726),
21,user21@example.com,$2b$12$QyeiS9KD1RR06DHsobw7DOc4mgq6Cro1LhKXbqdb5h8id4tAQYD.u,정우,1978-09-15,M,강남구,3,"안녕하세요, 정우 입니다.",2025-10-04 11:33,POINT(37.545692 127.078174),
22,user22@example.com,$2b$12$QyeiS9KD1RR06DHsobw7DOc4mgq6Cro1LhKXbqdb5h8id4tAQYD.u,태윤,1982-07-17,M,노원구,3,"안녕하세요, 태윤 입니다.",2025-09-21 17:02,POINT(37.581070 127.052386),
23,user23@example.com,$2b$12$QyeiS9KD1RR06DHsobw7DOc4mgq6Cro1LhKXbqdb5h8id4tAQYD.u,하진,2002-01-19,M,서초구,7,"안녕하세요, 하진 입니다.",2025-10-04 10:55,POINT(37.509175 127.084522),
24,user24@example.com,$2b$12$QyeiS9KD1RR06DHsobw7DOc4mgq6Cro1LhKXbqdb5h8id4tAQYD.u,하율,1994-04-03,M,화성시,1,"안녕하세요, 하율 입니다.",2025-09-30 22:03,POINT(37.596215 127.024160),
25,user25@example.com,$2b$12$QyeiS9KD1RR06DHsobw7DOc4mgq6Cro1LhKXbqdb5h8id4tAQYD.u,지율,1982-10-09,M,강서구,7,"안녕하세요, 지율 입니다.",2025-09-29 2:59,POINT(37.465873 127.064252),
26,user26@example.com,$2b$12$QyeiS9KD1RR06DHsobw7DOc4mgq6Cro1LhKXbqdb5h8id4tAQYD.u,서윤,1978-11-09,M,서초구,10,"안녕하세요, 서윤 입니다.",2025-09-23 17:48,POINT(37.635517 127.085351),
27,user27@example.com,$2b$12$QyeiS9KD1RR06DHsobw7DOc4mgq6Cro1LhKXbqdb5h8id4tAQYD.u,채윤,2000-06-10,M,강남구,15,"안녕하세요, 채윤 입니다.",2025-10-01 21:15,POINT(37.459716 127.106305),
28,user28@example.com,$2b$12$QyeiS9KD1RR06DHsobw7DOc4mgq6Cro1LhKXbqdb5h8id4tAQYD.u,서연,2001-09-17,M,동작구,1,"안녕하세요, 서연 입니다.",2025-09-23 11:27,POINT(37.507307 127.045970),
29,user29@example.com,$2b$12$QyeiS9KD1RR06DHsobw7DOc4mgq6Cro1LhKXbqdb5h8id4tAQYD.u,하린,1982-12-08,M,성북구,3,"안녕하세요, 하린 입니다.",2025-09-20 14:45,POINT(37.550474 127.060503),
30,user30@example.com,$2b$12$QyeiS9KD1RR06DHsobw7DOc4mgq6Cro1LhKXbqdb5h8id4tAQYD.u,서현,1980-12-21,M,광진구,7,"안녕하세요, 서현 입니다.",2025-09-22 13:07,POINT(37.503182 127.132202),
31,user31@example.com,$2b$12$QyeiS9KD1RR06DHsobw7DOc4mgq6Cro1LhKXbqdb5h8id4tAQYD.u,지우,1987-08-09,M,송파구,20,"안녕하세요, 지우 입니다.",2025-09-24 21:40,POINT(37.461324 127.023555),
32,user32@example.com,$2b$12$QyeiS9KD1RR06DHsobw7DOc4mgq6Cro1LhKXbqdb5h8id4tAQYD.u,연우,1997-03-31,M,서초구,5,"안녕하세요, 연우 입니다.",2025-09-24 0:28,POINT(37.614301 127.136481),
33,user33@example.com,$2b$12$QyeiS9KD1RR06DHsobw7DOc4mgq6Cro1LhKXbqdb5h8id4tAQYD.u,지민,1993-03-03,M,성동구,1,"안녕하세요, 지민 입니다.",2025-09-25 11:55,POINT(37.466314 127.130365),
34,user34@example.com,$2b$12$QyeiS9KD1RR06DHsobw7DOc4mgq6Cro1LhKXbqdb5h8id4tAQYD.u,수현,1977-04-28,M,성동구,1,"안녕하세요, 수현 입니다.",2025-09-20 2:24,POINT(37.524144 127.138319),
35,user35@example.com,$2b$12$QyeiS9KD1RR06DHsobw7DOc4mgq6Cro1LhKXbqdb5h8id4tAQYD.u,유진,1991-03-26,M,강남구,7,"안녕하세요, 유진 입니다.",2025-09-30 9:04,POINT(37.491219 127.107664),
36,user36@example.com,$2b$12$QyeiS9KD1RR06DHsobw7DOc4mgq6Cro1LhKXbqdb5h8id4tAQYD.u,민서,2003-04-17,M,마포구,5,"안녕하세요, 민서 입니다.",2025-09-26 19:35,POINT(37.543305 127.101049),
37,user37@example.com,$2b$12$QyeiS9KD1RR06DHsobw7DOc4mgq6Cro1LhKXbqdb5h8id4tAQYD.u,수아,1985-06-23,M,노원구,20,"안녕하세요, 수아 입니다.",2025-10-04 9:25,POINT(37.463355 127.098005),
38,user38@example.com,$2b$12$QyeiS9KD1RR06DHsobw7DOc4mgq6Cro1LhKXbqdb5h8id4tAQYD.u,다은,1988-03-24,M,고양시,20,"안녕하세요, 다은 입니다.",2025-09-26 19:23,POINT(37.470527 127.104975),
39,user39@example.com,$2b$12$QyeiS9KD1RR06DHsobw7DOc4mgq6Cro1LhKXbqdb5h8id4tAQYD.u,채원,1976-01-20,M,수원시,15,"안녕하세요, 채원 입니다.",2025-09-20 17:41,POINT(37.553743 127.063880),
40,user40@example.com,$2b$12$QyeiS9KD1RR06DHsobw7DOc4mgq6Cro1LhKXbqdb5h8id4tAQYD.u,가은,2004-04-27,M,영등포구,15,"안녕하세요, 가은 입니다.",2025-09-26 5:21,POINT(37.514264 127.126830),
41,user41@example.com,$2b$12$QyeiS9KD1RR06DHsobw7DOc4mgq6Cro1LhKXbqdb5h8id4tAQYD.u,하은,1975-01-13,M,수원시,5,"안녕하세요, 하은 입니다.",2025-09-23 4:28,POINT(37.497320 127.137525),
42,user42@example.com,$2b$12$QyeiS9KD1RR06DHsobw7DOc4mgq6Cro1LhKXbqdb5h8id4tAQYD.u,유나,2000-01-15,M,송파구,3,"안녕하세요, 유나 입니다.",2025-09-19 12:02,POINT(37.550443 127.047050),
43,user43@example.com,$2b$12$QyeiS9KD1RR06DHsobw7DOc4mgq6Cro1LhKXbqdb5h8id4tAQYD.u,예린,1976-01-15,M,마포구,15,"안녕하세요, 예린 입니다.",2025-10-01 21:17,POINT(37.497650 127.121169),
44,user44@example.com,$2b$12$QyeiS9KD1RR06DHsobw7DOc4mgq6Cro1LhKXbqdb5h8id4tAQYD.u,소율,1999-12-23,M,동작구,5,"안녕하세요, 소율 입니다.",2025-09-27 1:49,POINT(37.646116 127.080926),
45,user45@example.com,$2b$12$QyeiS9KD1RR06DHsobw7DOc4mgq6Cro1LhKXbqdb5h8id4tAQYD.u,지원,2004-09-16,M,성남시,1,"안녕하세요, 지원 입니다.",2025-09-28 1:30,POINT(37.525037 127.014556),
46,user46@example.com,$2b$12$QyeiS9KD1RR06DHsobw7DOc4mgq6Cro1LhKXbqdb5h8id4tAQYD.u,시윤,2003-08-13,M,수원시,20,"안녕하세요, 시윤 입니다.",2025-09-22 2:46,POINT(37.491650 127.066505),
47,user47@example.com,$2b$12$QyeiS9KD1RR06DHsobw7DOc4mgq6Cro1LhKXbqdb5h8id4tAQYD.u,연서,2005-09-17,M,중구,3,"안녕하세요, 연서 입니다.",2025-10-01 11:15,POINT(37.580150 127.129819),
48,user48@example.com,$2b$12$QyeiS9KD1RR06DHsobw7DOc4mgq6Cro1LhKXbqdb5h8id4tAQYD.u,민지,1990-01-22,M,화성시,20,"안녕하세요, 민지 입니다.",2025-10-01 8:31,POINT(37.463490 127.148955),
49,user49@example.com,$2b$12$QyeiS9KD1RR06DHsobw7DOc4mgq6Cro1LhKXbqdb5h8id4tAQYD.u,다현,1976-09-05,M,성남시,1,"안녕하세요, 다현 입니다.",2025-09-30 13:16,POINT(37.565133 127.094459),
50,user50@example.com,$2b$12$QyeiS9KD1RR06DHsobw7DOc4mgq6Cro1LhKXbqdb5h8id4tAQYD.u,은우,1986-09-13,M,고양시,1,"안녕하세요, 은우 입니다.",2025-09-24 8:25,POINT(37.646486 127.025218),
51,user51@example.com,$2b$12$QyeiS9KD1RR06DHsobw7DOc4mgq6Cro1LhKXbqdb5h8id4tAQYD.u,윤호,1991-07-04,F,동작구,1,"안녕하세요, 윤호 입니다.",2025-09-28 13:21,POINT(37.576410 127.003929),
52,user52@example.com,$2b$12$QyeiS9KD1RR06DHsobw7DOc4mgq6Cro1LhKXbqdb5h8id4tAQYD.u,태민,1997-01-21,F,강남구,20,"안녕하세요, 태민 입니다.",2025-09-28 2:43,POINT(37.459179 127.106650),
53,user53@example.com,$2b$12$QyeiS9KD1RR06DHsobw7DOc4mgq6Cro1LhKXbqdb5h8id4tAQYD.u,성민,1993-08-12,F,강서구,1,"안녕하세요, 성민 입니다.",2025-09-19 21:41,POINT(37.644846 127.101285),
54,user54@example.com,$2b$12$QyeiS9KD1RR06DHsobw7DOc4mgq6Cro1LhKXbqdb5h8id4tAQYD.u,현서,2000-07-10,F,성남시,15,"안녕하세요, 현서 입니다.",2025-09-21 14:26,POINT(37.649596 127.095663),
55,user55@example.com,$2b$12$QyeiS9KD1RR06DHsobw7DOc4mgq6Cro1LhKXbqdb5h8id4tAQYD.u,지성,1976-07-20,F,노원구,7,"안녕하세요, 지성 입니다.",2025-09-26 2:02,POINT(37.505439 127.080918),
56,user56@example.com,$2b$12$QyeiS9KD1RR06DHsobw7DOc4mgq6Cro1LhKXbqdb5h8id4tAQYD.u,준호,1997-08-22,F,용인시,7,"안녕하세요, 준호 입니다.",2025-09-30 6:07,POINT(37.557992 127.085215),
57,user57@example.com,$2b$12$QyeiS9KD1RR06DHsobw7DOc4mgq6Cro1LhKXbqdb5h8id4tAQYD.u,진우,1979-05-29,F,화성시,15,"안녕하세요, 진우 입니다.",2025-10-02 2:59,POINT(37.465504 127.133811),
58,user58@example.com,$2b$12$QyeiS9KD1RR06DHsobw7DOc4mgq6Cro1LhKXbqdb5h8id4tAQYD.u,우빈,1998-05-07,F,수원시,1,"안녕하세요, 우빈 입니다.",2025-09-30 4:02,POINT(37.561207 127.075084),
59,user59@example.com,$2b$12$QyeiS9KD1RR06DHsobw7DOc4mgq6Cro1LhKXbqdb5h8id4tAQYD.u,세현,1986-11-08,F,성남시,1,"안녕하세요, 세현 입니다.",2025-10-02 19:06,POINT(37.489673 127.007814),
60,user60@example.com,$2b$12$QyeiS9KD1RR06DHsobw7DOc4mgq6Cro1LhKXbqdb5h8id4tAQYD.u,재원,1995-06-02,F,노원구,1,"안녕하세요, 재원 입니다.",2025-10-04 9:51,POINT(37.544001 127.005881),
61,user61@example.com,$2b$12$QyeiS9KD1RR06DHsobw7DOc4mgq6Cro1LhKXbqdb5h8id4tAQYD.u,하람,1986-07-21,F,관악구,3,"안녕하세요, 하람 입니다.",2025-09-27 12:33,POINT(37.517109 127.052435),
62,user62@example.com,$2b$12$QyeiS9KD1RR06DHsobw7DOc4mgq6Cro1LhKXbqdb5h8id4tAQYD.u,나연,1977-04-22,F,성남시,7,"안녕하세요, 나연 입니다.",2025-10-01 8:24,POINT(37.498444 127.140650),
63,user63@example.com,$2b$12$QyeiS9KD1RR06DHsobw7DOc4mgq6Cro1LhKXbqdb5h8id4tAQYD.u,혜원,1999-11-08,F,송파구,10,"안녕하세요, 혜원 입니다.",2025-10-02 22:07,POINT(37.517268 127.049065),
64,user64@example.com,$2b$12$QyeiS9KD1RR06DHsobw7DOc4mgq6Cro1LhKXbqdb5h8id4tAQYD.u,보민,1991-07-11,F,강동구,15,"안녕하세요, 보민 입니다.",2025-09-29 22:15,POINT(37.550379 127.125350),
65,user65@example.com,$2b$12$QyeiS9KD1RR06DHsobw7DOc4mgq6Cro1LhKXbqdb5h8id4tAQYD.u,다영,2004-09-10,F,서초구,5,"안녕하세요, 다영 입니다.",2025-10-01 22:26,POINT(37.558394 127.087008),
66,user66@example.com,$2b$12$QyeiS9KD1RR06DHsobw7DOc4mgq6Cro1LhKXbqdb5h8id4tAQYD.u,소연,1976-05-23,F,수원시,5,"안녕하세요, 소연 입니다.",2025-09-24 1:04,POINT(37.560496 127.075744),
67,user67@example.com,$2b$12$QyeiS9KD1RR06DHsobw7DOc4mgq6Cro1LhKXbqdb5h8id4tAQYD.u,세영,1978-07-21,F,영등포구,20,"안녕하세요, 세영 입니다.",2025-09-23 13:21,POINT(37.567336 127.108405),
68,user68@example.com,$2b$12$QyeiS9KD1RR06DHsobw7DOc4mgq6Cro1LhKXbqdb5h8id4tAQYD.u,민혁,1984-09-13,F,강동구,20,"안녕하세요, 민혁 입니다.",2025-09-20 2:30,POINT(37.599340 127.116665),
69,user69@example.com,$2b$12$QyeiS9KD1RR06DHsobw7DOc4mgq6Cro1LhKXbqdb5h8id4tAQYD.u,준영,1977-10-10,F,동작구,10,"안녕하세요, 준영 입니다.",2025-10-03 17:51,POINT(37.605953 127.035622),
70,user70@example.com,$2b$12$QyeiS9KD1RR06DHsobw7DOc4mgq6Cro1LhKXbqdb5h8id4tAQYD.u,태경,1999-11-28,F,동작구,7,"안녕하세요, 태경 입니다.",2025-09-22 9:50,POINT(37.604576 127.103256),
71,user71@example.com,$2b$12$QyeiS9KD1RR06DHsobw7DOc4mgq6Cro1LhKXbqdb5h8id4tAQYD.u,지환,2003-08-01,F,용인시,1,"안녕하세요, 지환 입니다.",2025-09-20 3:38,POINT(37.451206 127.013111),
72,user72@example.com,$2b$12$QyeiS9KD1RR06DHsobw7DOc4mgq6Cro1LhKXbqdb5h8id4tAQYD.u,지한,2000-08-02,F,강서구,15,"안녕하세요, 지한 입니다.",2025-09-25 12:20,POINT(37.504035 127.054064),
73,user73@example.com,$2b$12$QyeiS9KD1RR06DHsobw7DOc4mgq6Cro1LhKXbqdb5h8id4tAQYD.u,현진,1978-03-22,F,서초구,15,"안녕하세요, 현진 입니다.",2025-10-02 18:06,POINT(37.541254 127.041970),
74,user74@example.com,$2b$12$QyeiS9KD1RR06DHsobw7DOc4mgq6Cro1LhKXbqdb5h8id4tAQYD.u,민호,2005-04-24,F,성북구,3,"안녕하세요, 민호 입니다.",2025-09-19 19:27,POINT(37.458684 127.106067),
75,user75@example.com,$2b$12$QyeiS9KD1RR06DHsobw7DOc4mgq6Cro1LhKXbqdb5h8id4tAQYD.u,수민,1976-07-02,F,강서구,5,"안녕하세요, 수민 입니다.",2025-09-22 17:53,POINT(37.639424 127.092649),
76,user76@example.com,$2b$12$QyeiS9KD1RR06DHsobw7DOc4mgq6Cro1LhKXbqdb5h8id4tAQYD.u,하람,1976-06-18,F,고양시,15,"안녕하세요, 하람 입니다.",2025-09-26 21:04,POINT(37.635084 127.049619),
77,user77@example.com,$2b$12$QyeiS9KD1RR06DHsobw7DOc4mgq6Cro1LhKXbqdb5h8id4tAQYD.u,예나,1976-07-17,F,동작구,15,"안녕하세요, 예나 입니다.",2025-09-27 7:25,POINT(37.479018 127.102024),
78,user78@example.com,$2b$12$QyeiS9KD1RR06DHsobw7DOc4mgq6Cro1LhKXbqdb5h8id4tAQYD.u,서하,2002-02-10,F,강남구,7,"안녕하세요, 서하 입니다.",2025-09-25 0:54,POINT(37.581185 127.060848),
79,user79@example.com,$2b$12$QyeiS9KD1RR06DHsobw7DOc4mgq6Cro1LhKXbqdb5h8id4tAQYD.u,도현,1984-07-10,F,중구,3,"안녕하세요, 도현 입니다.",2025-09-25 18:46,POINT(37.529728 127.027733),
80,user80@example.com,$2b$12$QyeiS9KD1RR06DHsobw7DOc4mgq6Cro1LhKXbqdb5h8id4tAQYD.u,예지,1979-08-22,F,고양시,7,"안녕하세요, 예지 입니다.",2025-10-03 17:51,POINT(37.627420 127.045095),
81,user81@example.com,$2b$12$QyeiS9KD1RR06DHsobw7DOc4mgq6Cro1LhKXbqdb5h8id4tAQYD.u,채은,1990-08-20,F,서초구,5,"안녕하세요, 채은 입니다.",2025-09-22 17:43,POINT(37.563122 127.113511),
82,user82@example.com,$2b$12$QyeiS9KD1RR06DHsobw7DOc4mgq6Cro1LhKXbqdb5h8id4tAQYD.u,다빈,1978-02-16,F,관악구,20,"안녕하세요, 다빈 입니다.",2025-09-29 11:25,POINT(37.520195 127.073265),
83,user83@example.com,$2b$12$QyeiS9KD1RR06DHsobw7DOc4mgq6Cro1LhKXbqdb5h8id4tAQYD.u,하율,2004-05-30,F,강남구,1,"안녕하세요, 하율 입니다.",2025-09-23 14:07,POINT(37.481824 127.136509),
84,user84@example.com,$2b$12$QyeiS9KD1RR06DHsobw7DOc4mgq6Cro1LhKXbqdb5h8id4tAQYD.u,유빈,1987-08-19,F,관악구,15,"안녕하세요, 유빈 입니다.",2025-10-01 22:22,POINT(37.614263 127.072169),
85,user85@example.com,$2b$12$QyeiS9KD1RR06DHsobw7DOc4mgq6Cro1LhKXbqdb5h8id4tAQYD.u,하늘,1987-01-28,F,용산구,5,"안녕하세요, 하늘 입니다.",2025-09-29 11:37,POINT(37.473791 127.147671),
86,user86@example.com,$2b$12$QyeiS9KD1RR06DHsobw7DOc4mgq6Cro1LhKXbqdb5h8id4tAQYD.u,주희,1989-04-20,F,강서구,20,"안녕하세요, 주희 입니다.",2025-09-23 11:01,POINT(37.458123 127.096873),
87,user87@example.com,$2b$12$QyeiS9KD1RR06DHsobw7DOc4mgq6Cro1LhKXbqdb5h8id4tAQYD.u,예솔,1981-04-05,F,용인시,20,"안녕하세요, 예솔 입니다.",2025-09-22 1:14,POINT(37.467966 127.097267),
88,user88@example.com,$2b$12$QyeiS9KD1RR06DHsobw7DOc4mgq6Cro1LhKXbqdb5h8id4tAQYD.u,시온,1998-02-09,F,성남시,15,"안녕하세요, 시온 입니다.",2025-09-30 20:33,POINT(37.563380 127.143536),
89,user89@example.com,$2b$12$QyeiS9KD1RR06DHsobw7DOc4mgq6Cro1LhKXbqdb5h8id4tAQYD.u,예원,1989-12-09,F,송파구,10,"안녕하세요, 예원 입니다.",2025-09-21 8:34,POINT(37.460920 127.076399),
90,user90@example.com,$2b$12$QyeiS9KD1RR06DHsobw7DOc4mgq6Cro1LhKXbqdb5h8id4tAQYD.u,지안,2005-10-09,F,마포구,7,"안녕하세요, 지안 입니다.",2025-09-20 13:29,POINT(37.626543 127.137921),
91,user91@example.com,$2b$12$QyeiS9KD1RR06DHsobw7DOc4mgq6Cro1LhKXbqdb5h8id4tAQYD.u,로하,1986-05-07,F,수원시,3,"안녕하세요, 로하 입니다.",2025-09-25 19:07,POINT(37.620310 127.019142),
92,user92@example.com,$2b$12$QyeiS9KD1RR06DHsobw7DOc4mgq6Cro1LhKXbqdb5h8id4tAQYD.u,라온,1992-01-02,F,용산구,3,"안녕하세요, 라온 입니다.",2025-09-23 11:50,POINT(37.511129 127.137527),
93,user93@example.com,$2b$12$QyeiS9KD1RR06DHsobw7DOc4mgq6Cro1LhKXbqdb5h8id4tAQYD.u,은채,1979-01-15,F,용인시,1,"안녕하세요, 은채 입니다.",2025-09-22 15:57,POINT(37.646113 127.126134),
94,user94@example.com,$2b$12$QyeiS9KD1RR06DHsobw7DOc4mgq6Cro1LhKXbqdb5h8id4tAQYD.u,유림,1999-08-16,F,수원시,15,"안녕하세요, 유림 입니다.",2025-09-28 0:30,POINT(37.545556 127.092578),
95,user95@example.com,$2b$12$QyeiS9KD1RR06DHsobw7DOc4mgq6Cro1LhKXbqdb5h8id4tAQYD.u,서온,1992-09-26,F,강동구,15,"안녕하세요, 서온 입니다.",2025-09-21 1:23,POINT(37.471069 127.094044),
96,user96@example.com,$2b$12$QyeiS9KD1RR06DHsobw7DOc4mgq6Cro1LhKXbqdb5h8id4tAQYD.u,민아,2004-12-30,F,성동구,7,"안녕하세요, 민아 입니다.",2025-10-01 11:17,POINT(37.519638 127.134770),
97,user97@example.com,$2b$12$QyeiS9KD1RR06DHsobw7DOc4mgq6Cro1LhKXbqdb5h8id4tAQYD.u,보라,1994-11-21,F,용인시,5,"안녕하세요, 보라 입니다.",2025-10-01 4:42,POINT(37.505901 127.103559),
98,user98@example.com,$2b$12$QyeiS9KD1RR06DHsobw7DOc4mgq6Cro1LhKXbqdb5h8id4tAQYD.u,나리,1996-12-26,F,성북구,15,"안녕하세요, 나리 입니다.",2025-09-19 23:05,POINT(37.554973 127.080650),
99,user99@example.com,$2b$12$QyeiS9KD1RR06DHsobw7DOc4mgq6Cro1LhKXbqdb5h8id4tAQYD.u,세빈,2002-02-02,F,강서구,1,"안녕하세요, 세빈 입니다.",2025-09-20 2:16,POINT(37.457666 127.081972),
100,user100@example.com,$2b$12$QyeiS9KD1RR06DHsobw7DOc4mgq6Cro1LhKXbqdb5h8id4tAQYD.u,유정,1988-12-04,F,성북구,7,"안녕하세요, 유정 입니다.",2025-09-20 10:15,POINT(37.552075 127.113542),
